endpoint,sample_id,model,strategy,top_k,features,shap_values,prompt,explanation
ADME_MDR1_ER,0,gemma,biomedical,3,"['HallKierAlpha', 'SMR_VSA5', 'BCUT2D_LOGPHI']","[-0.12806494503597712, 0.1055932463490953, -0.06715051653358725]","
You are a biomedical expert.

A machine learning model predicted a drug property.

The most influential molecular descriptors were:

- HallKierAlpha: -0.128
- SMR_VSA5: 0.106
- BCUT2D_LOGPHI: -0.067


Explain in biomedical and chemical terms why these descriptors influence the prediction.
Avoid mentioning SHAP or machine learning terminology.
","## Influence of molecular descriptors on drug property prediction:

**1. HallKierAlpha:**
- Negative value suggests reduced electron density in the vicinity of aromatic rings.
- This could impact drug binding affinity by affecting interaction with protein active sites or other molecules.


**2. SMR_VSA5:**
- Positive value indicates increased conformational flexibility and freedom of rotation around the bond.
- This could influence drug efficacy by allowing for better binding to multiple conformations of the target protein.


**3. BCUT2D_LOGPHI:**
- Negative value signifies reduced lipophilicity (preference for water).
- This could affect drug solubility and stability, as well as its ability to cross biological membranes."
ADME_MDR1_ER,1,gemma,biomedical,3,"['PEOE_VSA9', 'HallKierAlpha', 'BCUT2D_MWLOW']","[0.09111848276035052, 0.08546482628479646, 0.0847640068853643]","
You are a biomedical expert.

A machine learning model predicted a drug property.

The most influential molecular descriptors were:

- PEOE_VSA9: 0.091
- HallKierAlpha: 0.085
- BCUT2D_MWLOW: 0.085


Explain in biomedical and chemical terms why these descriptors influence the prediction.
Avoid mentioning SHAP or machine learning terminology.
","## Biomedical and Chemical Interpretations of Influential Molecular Descriptors:

**1. PEOE_VSA9:**

* Represents the propensity of a molecule to undergo electrostatic interactions involving aromatic rings.
* High values suggest stronger interaction between aromatic rings and other molecules in the vicinity.
* This could influence drug efficacy by affecting binding to target proteins or other molecules involved in the therapeutic process.


**2. HallKierAlpha:**

* Measures the extent of branching of a molecule.
* Higher values indicate a more branched structure.
* Branched molecules often have increased flexibility and mobility, potentially enhancing their ability to reach and interact with targets within the body.


**3. BCUT2D_MWLOW:**

* Represents the lowest molecular weight among all constitutional isomers of a molecule.
* Smaller molecular weight often implies increased metabolic stability and reduced risk of side effects.
* This could be crucial for ensuring the desired duration and efficacy of the drug."
ADME_MDR1_ER,2,gemma,biomedical,3,"['PEOE_VSA9', 'Chi0', 'PEOE_VSA10']","[0.07336527162466029, -0.06125153785021537, -0.059788978768582024]","
You are a biomedical expert.

A machine learning model predicted a drug property.

The most influential molecular descriptors were:

- PEOE_VSA9: 0.073
- Chi0: -0.061
- PEOE_VSA10: -0.060


Explain in biomedical and chemical terms why these descriptors influence the prediction.
Avoid mentioning SHAP or machine learning terminology.
","## Biomedical and Chemical Explanation of Influential Molecular Descriptors:

**1. PEOE_VSA9:**

* This descriptor reflects the presence of polar groups (such as hydroxyl or amine) within a certain distance (9th van der Waals sphere) of a particular atom.
* Increased PEOE_VSA9 suggests greater density of polar functionalities, potentially influencing drug binding affinity and efficacy by altering protein-drug interactions.


**2. Chi0:**

* This descriptor measures the chirality of molecules, indicating the presence of asymmetry.
* Negative Chi0 value implies greater structural similarity to the reference molecule (usually the enantiomer with biological activity), which could enhance binding affinity and therapeutic efficacy.


**3. PEOE_VSA10:**

* Similar to PEOE_VSA9, this descriptor tracks the presence of polar groups within a different distance (10th van der Waals sphere).
* Negative PEOE_VSA10 suggests reduced density of polar functionalities in a wider neighborhood, potentially affecting drug stability and solubility.


These descriptors work together to influence drug properties by:

* **Altering binding affinity:** Polar functionalities and chirality can significantly influence protein-drug interactions, thereby affecting drug binding affinity.
* **Modulating efficacy:** The presence and arrangement of polar groups can influence drug distribution and metabolism, ultimately affecting drug efficacy.
* **Improving stability:** Reduced density of polar functionalities can enhance drug stability by minimizing electrostatic interactions and aggregation."
ADME_MDR1_ER,3,gemma,biomedical,3,"['PEOE_VSA9', 'VSA_EState2', 'SMR_VSA5']","[0.14812049982465475, -0.08165729223203841, -0.07549290086708384]","
You are a biomedical expert.

A machine learning model predicted a drug property.

The most influential molecular descriptors were:

- PEOE_VSA9: 0.148
- VSA_EState2: -0.082
- SMR_VSA5: -0.075


Explain in biomedical and chemical terms why these descriptors influence the prediction.
Avoid mentioning SHAP or machine learning terminology.
","## Influence of Molecular Descriptors on Drug Property Prediction:

**1. PEOE_VSA9:**

* This descriptor reflects the presence of ether groups and their electron density distribution. 
* Ether groups are important for drug binding and activity as they can:
    * Enhance hydrogen bonding capabilities.
    * Influence electrostatic interactions with target molecules.
    * Modulate conformational flexibility and binding affinity.


**2. VSA_EState2:**

* This descriptor measures the electrostatic state of aromatic rings. 
* Negative values suggest electron density depletion, which can:
    * Enhance the drug's affinity for positively charged targets.
    * Contribute to electrostatic interactions with negatively charged sites on proteins.


**3. SMR_VSA5:**

* This descriptor captures the steric hindrance around aromatic rings. 
* Negative values indicate hindered rotation around the ring due to bulky substituents. This can:
    * Limit conformational flexibility and access to target sites.
    * Reduce binding affinity by hindering proper fit within the binding pocket."
ADME_MDR1_ER,4,gemma,biomedical,3,"['HallKierAlpha', 'Chi0', 'BCUT2D_MWLOW']","[-0.08785826143530817, -0.057849711475893774, -0.05045516876807733]","
You are a biomedical expert.

A machine learning model predicted a drug property.

The most influential molecular descriptors were:

- HallKierAlpha: -0.088
- Chi0: -0.058
- BCUT2D_MWLOW: -0.050


Explain in biomedical and chemical terms why these descriptors influence the prediction.
Avoid mentioning SHAP or machine learning terminology.
","## Biomedical and chemical interpretations of the molecular descriptors:

**1. HallKierAlpha:**

- Represents the extent of conjugation in a molecule.
- Negative value indicates reduced conjugation, potentially impacting the drug's ability to reach targets through diffusion or affecting metabolic pathways.


**2. Chi0:**

- Measures the chirality of a molecule.
- Negative value suggests decreased conformational flexibility or rigidity, which could influence binding affinity and efficacy by affecting protein interactions.


**3. BCUT2D_MWLOW:**

- Represents the molecular weight of the lowest energy conformer.
- Negative value indicates a lower molecular weight, potentially implying easier diffusion and better penetration through biological barriers. Additionally, smaller molecules often exhibit increased metabolic clearance."
ADME_MDR1_ER,5,gemma,biomedical,3,"['BCUT2D_MWLOW', 'AvgIpc', 'Chi4v']","[0.07074951439269299, 0.06990266126816322, 0.06985659550202179]","
You are a biomedical expert.

A machine learning model predicted a drug property.

The most influential molecular descriptors were:

- BCUT2D_MWLOW: 0.071
- AvgIpc: 0.070
- Chi4v: 0.070


Explain in biomedical and chemical terms why these descriptors influence the prediction.
Avoid mentioning SHAP or machine learning terminology.
","## BioMedical & Chemical Explanation of Influential Descriptors:

**1. BCUT2D_MWLOW:**

* Represents the molecular weight of the lowest energy conformer. 
* Low molecular weight often correlates with increased solubility, better absorption, and faster metabolic clearance. 
* This could influence the drug's efficacy and side effect profile.


**2. AvgIpc:**

* Measures the average interatomic distance of the carbons in the molecule. 
* Smaller average interatomic distance indicates increased rigidity and decreased flexibility. 
* Rigid molecules can interact more efficiently with target proteins, potentially leading to increased potency.


**3. Chi4v:**

* Represents the chirality of the molecule. 
* Chiral molecules exist in multiple forms (enantiomers) with different biological activities. 
* Depending on the target and mechanism of action, only one enantiomer might be responsible for the desired effect.


**Combined Influence:**

These descriptors work together to influence the drug property by:

* **Controlling solubility & absorption:** Low molecular weight and increased rigidity can improve solubility and facilitate faster absorption.
* **Enhancing target interaction:** Increased rigidity can facilitate stronger binding to the target protein.
* **Modulating enantioselectivity:** Chiral molecules can exhibit differential binding affinity to the target, potentially affecting efficacy."
ADME_MDR1_ER,6,gemma,biomedical,3,"['PEOE_VSA9', 'Chi0', 'HallKierAlpha']","[-0.12818547600183738, -0.09322996246390255, -0.07157835711059153]","
You are a biomedical expert.

A machine learning model predicted a drug property.

The most influential molecular descriptors were:

- PEOE_VSA9: -0.128
- Chi0: -0.093
- HallKierAlpha: -0.072


Explain in biomedical and chemical terms why these descriptors influence the prediction.
Avoid mentioning SHAP or machine learning terminology.
","## Influence of Molecular Descriptors on Drug Property Prediction

**PEOE_VSA9:** 
- Represents the electrostatic potential of a molecule's surface area accessible by non-polar probes. 
- Negative value suggests reduced electrostatic attraction, potentially impacting binding affinity and efficacy by hindering interaction with charged targets or polar groups on proteins.


**Chi0:** 
- Measures the overall shape and branching of molecules. 
- Negative value implies a more compact and symmetric molecular geometry, potentially influencing binding affinity by affecting the accessibility of key functional groups or interaction surfaces.


**HallKierAlpha:** 
- Quantifies the presence of aromatic rings in a molecule. 
- Negative value suggests a lower density of aromatic rings, which can impact drug efficacy by influencing:
    - **Hydrophobicity:** Fewer aromatic rings may reduce lipophilicity, affecting drug-protein interactions.
    - **Stability:** Aromatic rings can stabilize molecules through resonance, influencing drug stability and resistance to metabolism.
    - **Bioavailability:** The presence of multiple aromatic rings can enhance membrane permeability and drug bioavailability."
ADME_MDR1_ER,7,gemma,biomedical,3,"['HallKierAlpha', 'NumAromaticRings', 'PEOE_VSA9']","[0.11976785829147013, 0.0862364582362436, -0.06321494270300695]","
You are a biomedical expert.

A machine learning model predicted a drug property.

The most influential molecular descriptors were:

- HallKierAlpha: 0.120
- NumAromaticRings: 0.086
- PEOE_VSA9: -0.063


Explain in biomedical and chemical terms why these descriptors influence the prediction.
Avoid mentioning SHAP or machine learning terminology.
","## Influence of Molecular Descriptors on Drug Property Prediction:

**1. HallKierAlpha:**

* Represents the topological polar surface area of a molecule. 
* Molecules with larger HallKierAlpha values tend to have more pronounced hydrophobic regions, potentially influencing binding affinity and distribution within the body.


**2. NumAromaticRings:**

* Counts the total number of aromatic rings in the molecule. 
* Aromatic rings are known for their planar geometry and strong electron density, influencing:
    * **Hydrophobicity:** More aromatic rings can increase the overall hydrophobic surface area. 
    * **Stability:** Aromatic rings are more stable and resistant to metabolic degradation. 


**3. PEOE_VSA9:**

* Represents the propensity of a molecule to undergo specific types of chemical reactions. 
* Negative values of PEOE_VSA9 suggest reduced reactivity in certain chemical environments, potentially leading to:
    * **Improved metabolic stability:** Less reactive molecules are less likely to undergo unwanted side reactions. 
    * **Enhanced efficacy:** Controlled reactivity can lead to more targeted effects and reduced side effects."
ADME_MDR1_ER,8,gemma,biomedical,3,"['HallKierAlpha', 'BCUT2D_MWLOW', 'Chi1n']","[0.07862189010152837, -0.07787109079285731, -0.06083672695222112]","
You are a biomedical expert.

A machine learning model predicted a drug property.

The most influential molecular descriptors were:

- HallKierAlpha: 0.079
- BCUT2D_MWLOW: -0.078
- Chi1n: -0.061


Explain in biomedical and chemical terms why these descriptors influence the prediction.
Avoid mentioning SHAP or machine learning terminology.
","## Biomedical and Chemical Explanation of Influential Molecular Descriptors:

**1. HallKierAlpha:** 
* Represents the extent of branching in a molecule.
* Molecules with more branching experience greater flexibility and mobility, influencing binding affinity and efficacy. 


**2. BCUT2D_MWLOW:** 
* Measures molecular weight within a defined bounding box.
* Smaller molecular weight often correlates with increased drug solubility, better diffusion, and fewer side effects.


**3. Chi1n:** 
* Quantifies the presence of chirality in a molecule.
* Chiral molecules can exist in multiple forms (enantiomers), which can exhibit different biological activities and efficacy."
ADME_MDR1_ER,9,gemma,biomedical,3,"['PEOE_VSA9', 'SMR_VSA1', 'NumAromaticRings']","[0.09371121709226893, 0.07317552456192312, 0.07204041007531521]","
You are a biomedical expert.

A machine learning model predicted a drug property.

The most influential molecular descriptors were:

- PEOE_VSA9: 0.094
- SMR_VSA1: 0.073
- NumAromaticRings: 0.072


Explain in biomedical and chemical terms why these descriptors influence the prediction.
Avoid mentioning SHAP or machine learning terminology.
","## Biomedical and Chemical Interpretations of Influential Molecular Descriptors:

**1. PEOE_VSA9:**

- Represents the presence of polar groups that can form hydrogen bonds.
- High values indicate increased hydrogen-bonding potential, suggesting stronger intermolecular interactions and potentially improved drug solubility and stability.


**2. SMR_VSA1:**

- Measures the fraction of atoms in a molecule that are part of saturated rings.
- Higher values indicate a greater proportion of ring structures, which can influence drug stability and flexibility. 
- Ring systems can enhance lipophilicity and increase drug-protein interactions.


**3. NumAromaticRings:**

- Counts the number of aromatic rings in the molecule.
- Aromatic rings contribute to increased lipophilicity, enhancing drug-membrane interaction and absorption. 
- They can also influence drug metabolism and stability through resonance and electronic effects."
ADME_MDR1_ER,10,gemma,biomedical,3,"['HallKierAlpha', 'PEOE_VSA9', 'SlogP_VSA4']","[0.16566687417947687, -0.11117178452998198, -0.06292380119429235]","
You are a biomedical expert.

A machine learning model predicted a drug property.

The most influential molecular descriptors were:

- HallKierAlpha: 0.166
- PEOE_VSA9: -0.111
- SlogP_VSA4: -0.063


Explain in biomedical and chemical terms why these descriptors influence the prediction.
Avoid mentioning SHAP or machine learning terminology.
","## Biomedical and Chemical Interpretation of Key Molecular Descriptors:

**1. HallKierAlpha:**

- Represents the average number of Kier-like atoms in the molecule.
- Kier atoms are those with lone pairs of electrons influencing reactivity and bonding.
- A higher HallKierAlpha indicates increased electrophilicity and potential for strong bonding with other molecules.


**Effect:** The positive value suggests the drug molecule has potential to form strong bonds with other molecules in the target system, influencing its activity.


**2. PEOE_VSA9:**

- Measures the propensity of a molecule to undergo hydrophobic interactions.
- Negative values indicate low lipophilicity, meaning the molecule prefers to stay in water rather than mix with lipids.


**Effect:** The negative value suggests the drug molecule has a preference for aqueous environments, which could influence its ability to penetrate cell membranes and reach its target.


**3. SlogP_VSA4:**

- Represents the logarithm of the partition coefficient between octanol and water.
- A negative value implies the molecule is more soluble in water than in octanol.


**Effect:** The moderate negative value suggests the drug molecule is relatively more soluble in water, potentially limiting its ability to cross biological membranes and reach high concentrations in target tissues."
ADME_MDR1_ER,11,gemma,biomedical,3,"['HallKierAlpha', 'PEOE_VSA7', 'PEOE_VSA9']","[0.12015507170416538, 0.08075073183726811, 0.07934017900568027]","
You are a biomedical expert.

A machine learning model predicted a drug property.

The most influential molecular descriptors were:

- HallKierAlpha: 0.120
- PEOE_VSA7: 0.081
- PEOE_VSA9: 0.079


Explain in biomedical and chemical terms why these descriptors influence the prediction.
Avoid mentioning SHAP or machine learning terminology.
","## Biomedical and chemical explanation of influential molecular descriptors:

**1. HallKierAlpha:**

* Measures the branching of a molecule.
* Higher values indicate more branched chains, which can influence:
    * **Solubility:** Branching can increase surface area, affecting drug solubility.
    * **Lipophilicity:** Branching can decrease lipophilicity, making the drug more water-soluble.
    * **Protein binding:** Branching can affect binding to proteins, influencing efficacy and toxicity.


**2. PEOE_VSA7:**

* Represents the electrostatic potential of a molecule at a distance of 7 angstroms.
* Positive values suggest a net positive charge.
* This descriptor can influence:
    * **Absorption:** Positive charges can enhance absorption through passive diffusion.
    * **Toxicity:** Positive charges can interact with cellular receptors and trigger adverse effects.
    * **Membrane permeability:** Positive charges can influence membrane penetration of drug molecules.


**3. PEOE_VSA9:**

* Similar to PEOE_VSA7, but measures the electrostatic potential at a distance of 9 angstroms.
* This descriptor can provide additional insights into:
    * **Protein binding:** Different distances from the charged groups can influence protein binding affinity.
    * **Folding:** Electrostatic potential can affect the folding of proteins and drug-protein interactions.
    * **Stability:** Charge distribution can influence the stability and reactivity of the drug molecule."
ADME_MDR1_ER,12,gemma,biomedical,3,"['HallKierAlpha', 'BCUT2D_MWLOW', 'NumAromaticRings']","[-0.07702041867655161, 0.07054443660318958, 0.06464023938779904]","
You are a biomedical expert.

A machine learning model predicted a drug property.

The most influential molecular descriptors were:

- HallKierAlpha: -0.077
- BCUT2D_MWLOW: 0.071
- NumAromaticRings: 0.065


Explain in biomedical and chemical terms why these descriptors influence the prediction.
Avoid mentioning SHAP or machine learning terminology.
","## Influence of molecular descriptors on drug property prediction:

**1. HallKierAlpha:**

- Represents the topological polarizability of a molecule.
- Negative values indicate reduced electron density at positively charged sites.
- This could suggest decreased electrostatic interactions, crucial for drug-target binding.


**2. BCUT2D_MWLOW:**

- Measures the molecular weight of the lowest energy conformer.
- Smaller molecular weight often implies increased drug solubility and better absorption.
- This descriptor could contribute to the prediction of improved drug efficacy or reduced side effects.


**3. NumAromaticRings:**

- Counts the number of aromatic rings in the molecule.
- Aromatic rings are known for their stability and participation in various interactions like hydrogen bonding and π-stacking.
- The descriptor suggests that molecules with more aromatic rings might have increased binding affinity and efficacy."
ADME_MDR1_ER,13,gemma,biomedical,3,"['SlogP_VSA4', 'HallKierAlpha', 'qed']","[-0.09784460709586192, 0.09308522566203506, -0.0808793423969885]","
You are a biomedical expert.

A machine learning model predicted a drug property.

The most influential molecular descriptors were:

- SlogP_VSA4: -0.098
- HallKierAlpha: 0.093
- qed: -0.081


Explain in biomedical and chemical terms why these descriptors influence the prediction.
Avoid mentioning SHAP or machine learning terminology.
","## Influence of Molecular Descriptors on Drug Property Prediction

**SlogP_VSA4:**

* Negative value suggests reduced lipophilicity.
* This can impact drug absorption and distribution, as less lipophilic molecules tend to be more hydrophilic and stay in aqueous environments.
* Reduced lipophilicity can also affect protein binding and metabolic clearance.

**HallKierAlpha:**

* Positive value indicates increased planarity and flexibility of the molecule.
* This can affect drug binding to proteins and other receptors, as well as metabolic pathways.
* Increased flexibility can also enhance the ability of molecules to adopt multiple conformations, potentially increasing their efficacy.

**QED:**

* Negative value signifies a decrease in charge density or net positive/negative charge.
* This can influence drug efficacy and toxicity by affecting protein binding, receptor interactions, and metabolic pathways.
* Lower charge density can lead to reduced electrostatic interactions, potentially impacting the potency and selectivity of the drug."
ADME_MDR1_ER,14,gemma,biomedical,3,"['BCUT2D_LOGPHI', 'PEOE_VSA9', 'BCUT2D_CHGHI']","[-0.08085144390337046, 0.070571727737188, 0.06138914032631455]","
You are a biomedical expert.

A machine learning model predicted a drug property.

The most influential molecular descriptors were:

- BCUT2D_LOGPHI: -0.081
- PEOE_VSA9: 0.071
- BCUT2D_CHGHI: 0.061


Explain in biomedical and chemical terms why these descriptors influence the prediction.
Avoid mentioning SHAP or machine learning terminology.
","## Influence of molecular descriptors on drug property prediction:

**1. BCUT2D_LOGPHI:**

- Represents the logarithm of the phi coefficient, which measures the electron density distribution of a molecule.
- Negative value indicates reduced electron density in the vicinity of carbon atoms.
- This could influence drug property by affecting:
    - Protein binding affinity through electrostatic interactions.
    - Stability and reactivity of the drug molecule.


**2. PEOE_VSA9:**

- Represents the polarizability of the molecule, specifically the average rotational polarizability of the first nine atoms.
- High value indicates greater susceptibility to electrical fields.
- This could influence drug property by affecting:
    - Solubility and distribution of the drug in aqueous environments.
    - Interaction with charged proteins and biomolecules.


**3. BCUT2D_CHGHI:**

- Represents the chirality of the molecule based on the presence of chirality indicators like tetrahedral carbons.
- Positive value indicates the presence of chiral centers.
- This could influence drug property by affecting:
    - Enantioselective binding to target proteins with chiral binding sites.
    - Different pharmacological effects of enantiomers."
ADME_MDR1_ER,15,gemma,biomedical,3,"['PEOE_VSA9', 'Chi0', 'VSA_EState10']","[0.1293497593395981, -0.1119756513461158, -0.08515446385878801]","
You are a biomedical expert.

A machine learning model predicted a drug property.

The most influential molecular descriptors were:

- PEOE_VSA9: 0.129
- Chi0: -0.112
- VSA_EState10: -0.085


Explain in biomedical and chemical terms why these descriptors influence the prediction.
Avoid mentioning SHAP or machine learning terminology.
","## Biomedical and Chemical Interpretation of Molecular Descriptors:

**1. PEOE_VSA9:** 
* Represents the presence of ether groups in a flexible hydrophobic chain.
* High values suggest increased flexibility and hydrophobicity, potentially impacting drug binding affinity and stability.


**2. Chi0:**
* Measures the chirality of a molecule.
* Negative values indicate greater prevalence of negatively charged chirality, potentially influencing protein binding and efficacy.


**3. VSA_EState10:**
* Represents the electrostatic state of the molecule, specifically the presence of positive and negative charges.
* Negative values suggest a net negative charge, which could:
    * Enhance binding to positively charged targets like proteins.
    * Improve aqueous solubility, crucial for drug efficacy and absorption.


**Overall Impact:**

These descriptors likely influence the drug property prediction through:

* **Binding affinity:** The combination of increased flexibility, hydrophobicity, and net negative charge could improve binding to target proteins.
* **Stability:** The flexibility and negative charge might influence drug stability in aqueous environments, affecting its efficacy and duration of action.
* **Solubility:** The negative charge could contribute to improved aqueous solubility, leading to increased drug availability and efficacy.


**Biomedical Context:**

These molecular descriptors are commonly used in drug discovery to identify potential candidates with desired pharmaceutical properties. Understanding their influence on drug properties is crucial for:

* Selecting compounds with optimal binding affinity and efficacy.
* Enhancing drug stability and solubility for improved therapeutic outcomes."
ADME_MDR1_ER,16,gemma,biomedical,3,"['HallKierAlpha', 'PEOE_VSA9', 'BCUT2D_MWLOW']","[-0.08658893015540557, -0.0704580246182697, -0.059699225359122136]","
You are a biomedical expert.

A machine learning model predicted a drug property.

The most influential molecular descriptors were:

- HallKierAlpha: -0.087
- PEOE_VSA9: -0.070
- BCUT2D_MWLOW: -0.060


Explain in biomedical and chemical terms why these descriptors influence the prediction.
Avoid mentioning SHAP or machine learning terminology.
","## Influence of Molecular Descriptors on Drug Property Prediction:

**1. HallKierAlpha:**

- Negative values indicate lower electron density at ring carbons.
- This can influence drug properties by altering:
    - **Hydrophobicity:** Less electron density leads to reduced hydrophobicity, potentially improving blood-brain barrier penetration.
    - **Stability:** Negative charge distribution can stabilize ionic interactions, enhancing drug efficacy and reducing side effects.


**2. PEOE_VSA9:**

- This descriptor quantifies the presence of saturated and unsaturated rings in the molecule.
- More unsaturated rings can:
    - Increase drug flexibility, allowing for better binding to target proteins.
    - Enhance metabolic stability by preventing rapid breakdown.


**3. BCUT2D_MWLOW:**

- This descriptor measures the molecular weight of the molecule's lowest energy conformation.
- Smaller molecular weight can:
    - Improve drug solubility and absorption.
    - Reduce the risk of side effects associated with larger molecules."
ADME_MDR1_ER,17,gemma,biomedical,3,"['HallKierAlpha', 'PEOE_VSA9', 'NumAliphaticRings']","[0.13366256153659065, 0.10813634515743097, 0.07859606648214218]","
You are a biomedical expert.

A machine learning model predicted a drug property.

The most influential molecular descriptors were:

- HallKierAlpha: 0.134
- PEOE_VSA9: 0.108
- NumAliphaticRings: 0.079


Explain in biomedical and chemical terms why these descriptors influence the prediction.
Avoid mentioning SHAP or machine learning terminology.
","## Biomedical and Chemical Explanation of Influential Molecular Descriptors:

**1. HallKierAlpha:** 
- Measures the presence and branching of aliphatic chains.
- Affects drug solubility, stability, and receptor binding affinity.
- Branched chains can increase rigidity and binding affinity.


**2. PEOE_VSA9:** 
- Measures the probability of valence shell electron pair (VSEPs) being involved in aromatic rings.
- Important for drug efficacy as it affects:
    - Stability and reactivity of drug molecules.
    - Interactions with biomolecules through aromatic rings.


**3. NumAliphaticRings:** 
- Counts the number of aliphatic rings in the molecule.
- Influences:
    - Drug lipophilicity (attraction to fat).
    - Binding to protein targets through hydrophobic interactions.
    - Overall drug efficacy and toxicity."
ADME_MDR1_ER,18,gemma,biomedical,3,"['NumAromaticRings', 'PEOE_VSA9', 'HallKierAlpha']","[0.08737939939742222, -0.06967225855664534, -0.057829691374833805]","
You are a biomedical expert.

A machine learning model predicted a drug property.

The most influential molecular descriptors were:

- NumAromaticRings: 0.087
- PEOE_VSA9: -0.070
- HallKierAlpha: -0.058


Explain in biomedical and chemical terms why these descriptors influence the prediction.
Avoid mentioning SHAP or machine learning terminology.
","## Impact of Molecular Descriptors on Drug Property Prediction:

**1. NumAromaticRings:**

* Aromatic rings are known for their stability and electron delocalization, crucial for drug efficacy.
* The presence of aromatic rings can influence protein binding affinity, enzyme inhibition, and overall biological activity.
* A value of 0.087 suggests a slight contribution to the drug property prediction, indicating that the absence of aromatic rings slightly reduces the predicted activity.


**2. PEOE_VSA9:**

* PEOE_VSA9 measures the propensity of a molecule to form stable hydrogen bonds with other molecules.
* Negative values indicate decreased hydrogen-bonding ability, which can impact drug-protein interactions.
* The value of -0.070 suggests that reduced hydrogen-bonding capacity contributes negatively to the predicted drug property.


**3. HallKierAlpha:**

* HallKierAlpha measures the conformational flexibility of a molecule.
* Negative values indicate increased flexibility, which can be beneficial for drug-target interactions by enabling better adaptation to different binding sites.
* The value of -0.058 implies that increased flexibility positively influences the predicted drug property."
ADME_MDR1_ER,19,gemma,biomedical,3,"['HallKierAlpha', 'NumAromaticRings', 'BCUT2D_MWLOW']","[-0.1064149163028764, -0.07294578290752088, -0.06151957685637263]","
You are a biomedical expert.

A machine learning model predicted a drug property.

The most influential molecular descriptors were:

- HallKierAlpha: -0.106
- NumAromaticRings: -0.073
- BCUT2D_MWLOW: -0.062


Explain in biomedical and chemical terms why these descriptors influence the prediction.
Avoid mentioning SHAP or machine learning terminology.
","## Biomedical and Chemical Interpretation of Molecular Descriptors:

**1. HallKierAlpha:**

* Measures the branching of a molecule.
* Negative value suggests reduced branching, potentially indicating a flatter molecule with fewer potential interaction sites for targets.
* This could lead to reduced drug efficacy or off-target effects.


**2. NumAromaticRings:**

* Counts the number of aromatic rings in the molecule.
* Aromatic rings often contain electron-rich and electron-poor regions, offering potential for interaction with targets through hydrogen bonding, electrostatic interactions, or pi-stacking.
* Reduced number of aromatic rings could lead to weaker binding or fewer interaction possibilities.


**3. BCUT2D_MWLOW:**

* Represents the lowest molecular weight among constitutional isomers.
* Smaller molecular weight often indicates a simpler chemical structure with fewer potential interaction points.
* This could lead to reduced drug potency or efficacy."
ADME_MDR1_ER,20,gemma,biomedical,3,"['PEOE_VSA10', 'PEOE_VSA9', 'BCUT2D_MWLOW']","[0.09978515157629726, -0.08953252238644695, -0.05788651188509207]","
You are a biomedical expert.

A machine learning model predicted a drug property.

The most influential molecular descriptors were:

- PEOE_VSA10: 0.100
- PEOE_VSA9: -0.090
- BCUT2D_MWLOW: -0.058


Explain in biomedical and chemical terms why these descriptors influence the prediction.
Avoid mentioning SHAP or machine learning terminology.
","## Biomedical and Chemical Explanation of Influential Molecular Descriptors:

**1. PEOE_VSA10:**

- Represents the extent of primary and secondary amine functionality in the molecule.
- Primary amines are strong bases, while secondary amines are weaker.
- Increased amine functionality can enhance drug potency by interacting with biomolecules through electrostatic attraction or hydrogen bonding.


**2. PEOE_VSA9:**

- Measures the presence of hydroxyl functionalities in the molecule.
- Hydroxyl groups can participate in hydrogen bonding, influencing protein-drug interactions and enhancing drug stability.


**3. BCUT2D_MWLOW:**

- Indicates the molecular weight of the molecule.
- Smaller molecules often exhibit increased metabolic clearance, potentially limiting their duration of action.
- Lower molecular weight can also improve drug solubility and permeability."
ADME_MDR1_ER,21,gemma,biomedical,3,"['HallKierAlpha', 'SMR_VSA5', 'Chi0']","[-0.1296866124812701, 0.07278089124920847, -0.06469592855926405]","
You are a biomedical expert.

A machine learning model predicted a drug property.

The most influential molecular descriptors were:

- HallKierAlpha: -0.130
- SMR_VSA5: 0.073
- Chi0: -0.065


Explain in biomedical and chemical terms why these descriptors influence the prediction.
Avoid mentioning SHAP or machine learning terminology.
","## Influence of Molecular Descriptors on Drug Property Prediction:

**1. HallKierAlpha:**

- Negative value indicates reduced electron density around the ring system.
- This could influence drug binding affinity by affecting protein interaction or altering metabolic pathways.


**2. SMR_VSA5:**

- Positive value suggests increased conformational flexibility or backbone strain.
- This could impact drug efficacy by influencing binding pose or altering target engagement.


**3. Chi0:**

- Negative value implies lower electron density concentration in the molecule.
- This could affect drug potency by influencing the probability of electron transfer reactions crucial for pharmacological effects."
ADME_MDR1_ER,22,gemma,biomedical,3,"['HallKierAlpha', 'NumAromaticRings', 'SMR_VSA5']","[0.1091468028741963, 0.09135532501879023, 0.0608422239611972]","
You are a biomedical expert.

A machine learning model predicted a drug property.

The most influential molecular descriptors were:

- HallKierAlpha: 0.109
- NumAromaticRings: 0.091
- SMR_VSA5: 0.061


Explain in biomedical and chemical terms why these descriptors influence the prediction.
Avoid mentioning SHAP or machine learning terminology.
","## Biomedical and Chemical Explanations for Influential Molecular Descriptors:

**1. HallKierAlpha:**

* Measures the branching of carbon chains.
* Higher values suggest more complex branched chains, potentially increasing:
    * Lipophilicity: More favorable for drug-protein interactions.
    * Metabolic stability: More resistant to degradation.


**2. NumAromaticRings:**

* Counts the number of aromatic rings in the molecule.
* Aromatic rings contribute to:
    * Stability: Increased rigidity and resistance to metabolism.
    * Binding affinity: Ability to interact with specific protein sites.


**3. SMR_VSA5:**

* Sensitive to the presence of saturated rings with five members.
* Such rings can:
    * Enhance lipophilicity.
    * Increase rigidity and molecular stability.
    * Improve binding affinity by interacting with specific functional groups."
ADME_MDR1_ER,23,gemma,biomedical,3,"['HallKierAlpha', 'AvgIpc', 'fr_diazo']","[0.09337877837130425, 0.050452998271259125, 0.04360132214599913]","
You are a biomedical expert.

A machine learning model predicted a drug property.

The most influential molecular descriptors were:

- HallKierAlpha: 0.093
- AvgIpc: 0.050
- fr_diazo: 0.044


Explain in biomedical and chemical terms why these descriptors influence the prediction.
Avoid mentioning SHAP or machine learning terminology.
","## Biomedical and chemical explanation of influential molecular descriptors:

**1. HallKierAlpha:**

* Measures the extent of branching in a molecule.
* Higher values indicate more branched chains, which can influence drug efficacy by affecting:
    * Protein-drug interactions through altered binding sites.
    * Absorption and distribution through changes in aqueous solubility.


**2. AvgIpc:**

* Average inverse partition coefficient, indicating the preference of a molecule for water compared to an organic phase.
* This descriptor can influence:
    * Drug solubility and stability in aqueous environments.
    * Distribution across biological membranes.


**3. fr_diazo:**

* Counts the number of diazo groups (-N2) in the molecule.
* Diazo groups are:
    * Reactive functional groups capable of forming new chemical bonds.
    * May influence drug properties through:
        * Enhancing drug-target interactions by introducing additional binding sites.
        * Participating in metabolic reactions and affecting drug clearance."
ADME_MDR1_ER,24,gemma,biomedical,3,"['PEOE_VSA9', 'BCUT2D_MWLOW', 'VSA_EState10']","[0.0881945264277617, -0.05765906305203431, -0.043541552286603585]","
You are a biomedical expert.

A machine learning model predicted a drug property.

The most influential molecular descriptors were:

- PEOE_VSA9: 0.088
- BCUT2D_MWLOW: -0.058
- VSA_EState10: -0.044


Explain in biomedical and chemical terms why these descriptors influence the prediction.
Avoid mentioning SHAP or machine learning terminology.
","## Biomedical and Chemical Interpretations of Molecular Descriptors:

**1. PEOE_VSA9:**

- Represents the probability of an aromatic ring centroid being in a van der Waals sphere of influence of a neighboring aromatic ring centroid.
- High values indicate a strong interaction between aromatic rings, suggesting increased stability and rigidity.
- Increased rigidity can impact drug efficacy by affecting binding affinity and protein-protein interactions.


**2. BCUT2D_MWLOW:**

- Measures the molecular weight of the lowest energy conformer of the molecule.
- Lower molecular weight often implies increased flexibility and mobility, influencing drug efficacy by enabling better diffusion and interaction with target sites.


**3. VSA_EState10:**

- Represents the electrostatic potential energy of the molecule at a distance of 10 Angstroms.
- Negative values indicate the presence of net negative charge at a distance of 10 Angstroms.
- Negative charges can influence drug efficacy by affecting electrostatic interactions with proteins and DNA."
ADME_MDR1_ER,25,gemma,biomedical,3,"['HallKierAlpha', 'BCUT2D_MWLOW', 'PEOE_VSA12']","[-0.08667124841257812, -0.07207865663738665, -0.05616562771128921]","
You are a biomedical expert.

A machine learning model predicted a drug property.

The most influential molecular descriptors were:

- HallKierAlpha: -0.087
- BCUT2D_MWLOW: -0.072
- PEOE_VSA12: -0.056


Explain in biomedical and chemical terms why these descriptors influence the prediction.
Avoid mentioning SHAP or machine learning terminology.
","## Explanation of influential molecular descriptors:

**1. HallKierAlpha:**

* This descriptor quantifies the presence of branched chains in the molecule.
* Branched chains can affect drug properties by influencing:
    * Flexibility and conformational changes
    * Protein binding affinity
    * Absorption and distribution


**2. BCUT2D_MWLOW:**

* This descriptor represents the molecular weight of the lowest molecular weight fragment of the molecule.
* Smaller molecular weight can indicate:
    * Increased solubility and absorption
    * Reduced risk of side effects
    * Faster metabolism


**3. PEOE_VSA12:**

* This descriptor measures the presence of polar and non-polar groups within a specific distance (12 atoms) in the molecule.
* This balance of polar and non-polarity can influence:
    * Protein binding interactions
    * ADME properties (absorption, distribution, metabolism, excretion)
    * Efficacy and safety of the drug"
ADME_MDR1_ER,26,gemma,biomedical,3,"['PEOE_VSA9', 'SMR_VSA5', 'NumAromaticRings']","[-0.12684630456993792, 0.08823493090073384, -0.0637224707193728]","
You are a biomedical expert.

A machine learning model predicted a drug property.

The most influential molecular descriptors were:

- PEOE_VSA9: -0.127
- SMR_VSA5: 0.088
- NumAromaticRings: -0.064


Explain in biomedical and chemical terms why these descriptors influence the prediction.
Avoid mentioning SHAP or machine learning terminology.
","## Biomedical and Chemical Explanation of Influential Molecular Descriptors:

**1. PEOE_VSA9:**

- Negative value suggests decreased polarity in the vicinity of the 9th valence shell electron pair.
- This could imply reduced charge density, potentially impacting protein binding and efficacy.


**2. SMR_VSA5:**

- Positive value indicates increased electron density concentration around the 5th valence shell electron pair.
- This could enhance hydrogen bonding capabilities and stabilize interactions with specific amino acids or protein residues.


**3. NumAromaticRings:**

- Negative value suggests a decrease in the number of aromatic rings in the molecule.
- Aromatic rings contribute significantly to drug stability and binding affinity through pi-stacking interactions and hydrogen bonding.


**Biomedical Significance:**

These descriptors influence the prediction of drug property because they capture crucial chemical features that affect:

- **Protein binding:** Changes in polarity and electron density can affect electrostatic interactions and binding affinity.
- **Pharmacokinetic properties:** The number of aromatic rings can influence drug stability, solubility, and metabolism.
- **Efficacy:** Electron density variations can modulate enzyme activity, receptor binding, and overall drug efficacy."
ADME_MDR1_ER,27,gemma,biomedical,3,"['fr_azide', 'PEOE_VSA9', 'SMR_VSA5']","[0.14991890682204284, 0.13181141044445396, 0.10878729548730999]","
You are a biomedical expert.

A machine learning model predicted a drug property.

The most influential molecular descriptors were:

- fr_azide: 0.150
- PEOE_VSA9: 0.132
- SMR_VSA5: 0.109


Explain in biomedical and chemical terms why these descriptors influence the prediction.
Avoid mentioning SHAP or machine learning terminology.
","## Biomedical and Chemical Interpretations of Key Molecular Descriptors:

**1. fr_azide:**

- Azide groups are known for their ability to mimic the function of amine groups involved in protein-protein interactions and enzyme catalysis.
- The relatively high value (0.150) suggests that the presence of an azide group significantly alters the drug's interaction with biomolecules.


**2. PEOE_VSA9:**

- This descriptor relates to the presence and spatial arrangement of flexible and flexible-rigid hydrocarbon chains.
- The value of 0.132 implies a moderate influence on the drug's properties related to its flexibility and conformational landscape.


**3. SMR_VSA5:**

- This descriptor quantifies the presence of aromatic rings with multiple substitution points.
- The value of 0.109 suggests a mild influence on the drug's properties influenced by the presence of these aromatic rings.


**Possible Influences on Drug Properties:**

These descriptors likely influence the drug's:

- **Protein binding:** Azide groups and aromatic rings can bind to specific amino acids or protein surfaces through various mechanisms.
- **Enzyme inhibition/activation:** Azide groups can mimic substrates or inhibitors, affecting enzyme activity.
- **Membrane interaction:** Flexible chains can influence membrane permeation and interaction with lipid bilayers.
- **Biodistribution:** The presence of aromatic rings can enhance lipophilicity, influencing tissue distribution.


**Overall:**

These molecular descriptors contribute to the predicted drug property through diverse chemical interactions that modulate protein binding, enzyme modulation, membrane interaction, and biodistribution."
ADME_MDR1_ER,28,gemma,biomedical,3,"['HallKierAlpha', 'SMR_VSA5', 'NumAromaticRings']","[0.12545531504700003, 0.10427832914419814, 0.10216651956736944]","
You are a biomedical expert.

A machine learning model predicted a drug property.

The most influential molecular descriptors were:

- HallKierAlpha: 0.125
- SMR_VSA5: 0.104
- NumAromaticRings: 0.102


Explain in biomedical and chemical terms why these descriptors influence the prediction.
Avoid mentioning SHAP or machine learning terminology.
","## Biomedical and Chemical Interpretations of Key Molecular Descriptors:

**1. HallKierAlpha:**

* Represents the number of ring systems in a molecule.
* Increased ring systems often correlate with:
    * Enhanced lipophilicity - relevant for drug absorption and distribution.
    * Increased rigidity - can influence protein binding and efficacy.


**2. SMR_VSA5:**

* Measures the presence of aromatic rings with five adjacent ring atoms.
* Aromatic rings play a crucial role in:
    * Drug metabolism - presence of multiple aromatic rings can increase susceptibility to enzymatic degradation.
    * Protein binding - aromatic rings can bind to specific amino acids through electrostatic interactions and hydrogen bonding.


**3. NumAromaticRings:**

* Counts the total number of aromatic rings in a molecule.
* Higher aromatic ring count often signifies:
    * Increased stability - aromatic rings contribute to ring current effects, stabilizing the molecule.
    * Enhanced lipophilicity - more aromatic rings can increase the hydrophobic nature of the molecule.


These descriptors likely influence the drug property prediction due to their influence on:

* **Lipophilicity:** Relevant for drug absorption, distribution, and efficacy.
* **Rigidity:** Crucial for protein binding and enzyme interaction.
* **Stability:** Impacts drug efficacy and resistance to degradation.
* **Protein binding:** Can modulate drug efficacy and off-target effects."
ADME_MDR1_ER,29,gemma,biomedical,3,"['BCUT2D_MWLOW', 'HallKierAlpha', 'PEOE_VSA10']","[-0.07239525165375968, -0.059917189737449396, -0.05348853305296175]","
You are a biomedical expert.

A machine learning model predicted a drug property.

The most influential molecular descriptors were:

- BCUT2D_MWLOW: -0.072
- HallKierAlpha: -0.060
- PEOE_VSA10: -0.053


Explain in biomedical and chemical terms why these descriptors influence the prediction.
Avoid mentioning SHAP or machine learning terminology.
","## Influence of Molecular Descriptors on Drug Property Prediction:

**1. BCUT2D_MWLOW:**

* Represents the molecular weight of the most frequent non-hydrogen atom type in the molecule.
* Smaller molecular weight often indicates increased drug solubility and better absorption. 
* The negative coefficient suggests the model predicts lower drug property values with increasing molecular weight.


**2. HallKierAlpha:**

* Measures the degree of branching in a molecule.
* More branched molecules tend to have increased rigidity and decreased metabolic stability.
* The negative coefficient indicates that the model prefers less branched molecules for better drug property.


**3. PEOE_VSA10:**

* Represents the presence of polar functionalities in the molecule.
* Polar functionalities can enhance drug-protein interactions and improve binding affinity to target proteins.
* The negative coefficient suggests that the model favors molecules with fewer polar functionalities for the desired drug property."
ADME_MDR1_ER,30,gemma,biomedical,3,"['PEOE_VSA9', 'HallKierAlpha', 'PEOE_VSA12']","[-0.09349726967475622, -0.0763081451719399, -0.050788345191689226]","
You are a biomedical expert.

A machine learning model predicted a drug property.

The most influential molecular descriptors were:

- PEOE_VSA9: -0.093
- HallKierAlpha: -0.076
- PEOE_VSA12: -0.051


Explain in biomedical and chemical terms why these descriptors influence the prediction.
Avoid mentioning SHAP or machine learning terminology.
","## Biomedical and Chemical Explanation of Influential Descriptors:

**1. PEOE_VSA9:**

- Represents the electrostatic potential of a 9-atom fragment involving the central carbon atom.
- Negative value suggests decreased electron density on the central carbon, potentially impacting drug stability and reactivity.
- This descriptor reflects the drug's ability to interact with biomolecules through electrostatic forces.


**2. HallKierAlpha:**

- Measures the topological similarity of a molecule to a hydrocarbon chain.
- Negative value indicates a lower degree of branching in the molecule.
- This descriptor could influence drug efficacy by affecting its ability to bind to targets or undergo metabolic reactions.


**3. PEOE_VSA12:**

- Represents the electrostatic potential of a 12-atom fragment involving the central carbon atom.
- Similar to PEOE_VSA9, a negative value suggests reduced electron density, potentially affecting drug-target interactions and metabolic stability.


**Possible Implications:**

- The combination of these descriptors suggests the drug candidate has:
    - Reduced electron density on key carbon atoms, potentially affecting reactivity and binding affinity.
    - A relatively planar molecular structure with limited branching, which could influence its ability to bind to targets and undergo metabolic reactions.
- These features could contribute to the predicted drug property."
ADME_MDR1_ER,31,gemma,biomedical,3,"['NumAromaticRings', 'HallKierAlpha', 'PEOE_VSA9']","[0.14875502724016762, 0.1165292835265887, 0.11485295773689871]","
You are a biomedical expert.

A machine learning model predicted a drug property.

The most influential molecular descriptors were:

- NumAromaticRings: 0.149
- HallKierAlpha: 0.117
- PEOE_VSA9: 0.115


Explain in biomedical and chemical terms why these descriptors influence the prediction.
Avoid mentioning SHAP or machine learning terminology.
","## Biomedical and Chemical Explanations of Influential Molecular Descriptors:

**1. NumAromaticRings:**

* Aromatic rings contain a six-membered carbon ring with alternating single and double bonds. 
* Their presence can influence drug properties due to:
    * Increased electron density, affecting binding affinity and reactivity.
    * Enhanced stability and reduced metabolic susceptibility.


**2. HallKierAlpha:**

* This descriptor measures the presence of alkyl groups flanking a double bond.
* Such groups can:
    * Enhance drug lipophilicity, affecting membrane permeability and binding to hydrophobic targets.
    * Introduce conformational constraints, influencing binding affinity and efficacy.


**3. PEOE_VSA9:**

* This descriptor captures the presence of flexible, ether-linked chains with a terminal amine or alcohol.
* Such features can:
    * Increase aqueous solubility and reduce drug aggregation.
    * Influence protein binding by introducing flexible spacers between charged groups.


**Combined Influence:**

The combination of these descriptors suggests:

* The drug candidate has a low number of aromatic rings, indicating potential for improved aqueous solubility and reduced toxicity.
* The presence of flanking alkyl groups enhances lipophilicity, potentially improving membrane permeability and binding to hydrophobic targets.
* The flexible ether-linked chains promote aqueous solubility and flexibility, potentially facilitating protein binding and subsequent cellular effects."
ADME_MDR1_ER,32,gemma,biomedical,3,"['HallKierAlpha', 'qed', 'PEOE_VSA9']","[0.15437213101657832, -0.1427283797050868, 0.07994700220532942]","
You are a biomedical expert.

A machine learning model predicted a drug property.

The most influential molecular descriptors were:

- HallKierAlpha: 0.154
- qed: -0.143
- PEOE_VSA9: 0.080


Explain in biomedical and chemical terms why these descriptors influence the prediction.
Avoid mentioning SHAP or machine learning terminology.
","## Influence of Molecular Descriptors on Drug Property Prediction:

**1. HallKierAlpha:**

- Measures the tendency of a molecule to form rings.
- High values indicate increased ring formation, which can affect drug binding affinity and efficacy by influencing protein interactions.
- This descriptor is relevant for drugs targeting protein binding sites or involving ring-ring interactions.


**2. qed:**

- Represents the electrostatic potential of a molecule.
- Negative values indicate electron-richness, which can:
    - Enhance drug stability by stabilizing negative charges in the active site.
    - Improve binding affinity by increasing electrostatic interactions with positively charged targets.


**3. PEOE_VSA9:**

- Measures the presence and distribution of specific functionalities in a molecule.
- A high value for VSA9 suggests a concentration of amine functionalities in the molecule's surface area.
- This can be crucial for:
    - Receptor binding through hydrogen bonding and electrostatic interactions.
    - Enzyme inhibition through substrate competition and covalent modifications."
ADME_MDR1_ER,33,gemma,biomedical,3,"['fr_azide', 'PEOE_VSA10', 'NumAromaticRings']","[0.0840827446876055, 0.07500138304244088, -0.06537879954728534]","
You are a biomedical expert.

A machine learning model predicted a drug property.

The most influential molecular descriptors were:

- fr_azide: 0.084
- PEOE_VSA10: 0.075
- NumAromaticRings: -0.065


Explain in biomedical and chemical terms why these descriptors influence the prediction.
Avoid mentioning SHAP or machine learning terminology.
","## Biomedical and Chemical Explanation of Influential Molecular Descriptors:

**1. fr_azide:**

- Azide groups are known for their potential to influence protein function through covalent modification.
- The descriptor's positive value suggests that increased azide presence in the molecule is associated with the desired drug property.


**2. PEOE_VSA10:**

- This descriptor reflects the presence of flexible polyethyleneoxy chains with varying lengths.
- Such chains can enhance drug solubility and flexibility, crucial for effective drug delivery and target engagement.


**3. NumAromaticRings:**

- Aromatic rings (benzene rings) contribute to drug stability, solubility, and binding affinity.
- The negative value of this descriptor implies that a reduction in the number of aromatic rings in the molecule is associated with the desired drug property."
ADME_MDR1_ER,34,gemma,biomedical,3,"['PEOE_VSA10', 'PEOE_VSA9', 'BCUT2D_MWLOW']","[0.09426058859224544, 0.07502899660947182, 0.07366064613503252]","
You are a biomedical expert.

A machine learning model predicted a drug property.

The most influential molecular descriptors were:

- PEOE_VSA10: 0.094
- PEOE_VSA9: 0.075
- BCUT2D_MWLOW: 0.074


Explain in biomedical and chemical terms why these descriptors influence the prediction.
Avoid mentioning SHAP or machine learning terminology.
","## Biomedical and Chemical Insights on Influential Molecular Descriptors:

**1. PEOE_VSA10 and PEOE_VSA9:**

- These descriptors relate to the **polarizability** of the molecule.
- High values suggest increased electron density distribution along the molecular surface, indicating stronger intermolecular interactions like hydrogen bonding and electrostatic interactions.
- These interactions are crucial for drug efficacy as they influence binding affinity to target proteins and overall pharmacological properties.


**2. BCUT2D_MWLOW:**

- This descriptor reflects the **molecular weight** of the molecule.
- Smaller molecular weights often indicate increased drug solubility, faster diffusion, and reduced risk of side effects.
- These properties are essential for effective drug delivery and therapeutic outcomes.


**Additional Considerations:**

- The combination of these descriptors suggests that the predicted drug property is influenced by both **polarity** and **size**.
- Polar molecules tend to have stronger interactions with water molecules, which can impact drug efficacy and stability.
- Molecular weight can also influence drug-target interactions and overall efficacy."
ADME_MDR1_ER,35,gemma,biomedical,3,"['PEOE_VSA9', 'NumAromaticRings', 'HallKierAlpha']","[-0.1023968642686829, -0.07173307098623471, -0.06839889706848204]","
You are a biomedical expert.

A machine learning model predicted a drug property.

The most influential molecular descriptors were:

- PEOE_VSA9: -0.102
- NumAromaticRings: -0.072
- HallKierAlpha: -0.068


Explain in biomedical and chemical terms why these descriptors influence the prediction.
Avoid mentioning SHAP or machine learning terminology.
","## Biomedical and Chemical Interpretations of Key Molecular Descriptors:

**1. PEOE_VSA9:**

- Represents the extent of π-electron delocalization across the molecule.
- Negative value suggests reduced delocalization, potentially leading to:
    - Decreased reactivity and metabolic stability.
    - Increased electron density localization, potentially influencing binding affinity.


**2. NumAromaticRings:**

- Counts the number of aromatic rings in the molecule.
- Negative value implies:
    - Reduced π-electron conjugation, impacting stability and reactivity.
    - Potential loss of aromaticity, affecting binding affinity and enzymatic processes.


**3. HallKierAlpha:**

- Measures the extent of branching in the molecule.
- Negative value suggests:
    - Increased branching, leading to:
        - Reduced conformational flexibility.
        - Altered binding site interactions.
        - Potential decrease in metabolic stability."
ADME_MDR1_ER,36,gemma,biomedical,3,"['HallKierAlpha', 'Chi0', 'PEOE_VSA10']","[-0.09141005793786076, -0.06675294841954925, -0.06010384330218112]","
You are a biomedical expert.

A machine learning model predicted a drug property.

The most influential molecular descriptors were:

- HallKierAlpha: -0.091
- Chi0: -0.067
- PEOE_VSA10: -0.060


Explain in biomedical and chemical terms why these descriptors influence the prediction.
Avoid mentioning SHAP or machine learning terminology.
","## Influence of Molecular Descriptors on Drug Property Prediction:

**1. HallKierAlpha:**

- Measures the extent of branching in a molecule.
- Negative value suggests reduced branching, potentially leading to:
    - Improved drug solubility due to increased surface area.
    - Reduced protein binding due to less favorable interaction sites.


**2. Chi0:**

- Represents the total number of chiral centers in a molecule.
- Negative value implies a reduced number of chiral centers, potentially leading to:
    - Increased drug stability by minimizing conformational flexibility.
    - Reduced metabolism due to simpler molecular architecture.


**3. PEOE_VSA10:**

- Measures the presence of electron-withdrawing groups in a molecule.
- Negative value suggests a diminished electron-withdrawing capacity, potentially leading to:
    - Reduced metabolic clearance due to decreased reactivity.
    - Increased efficacy due to weaker binding to target proteins."
ADME_MDR1_ER,37,gemma,biomedical,3,"['HallKierAlpha', 'PEOE_VSA9', 'NumAromaticRings']","[-0.19035143547143105, -0.09209565317722958, -0.08652638769835574]","
You are a biomedical expert.

A machine learning model predicted a drug property.

The most influential molecular descriptors were:

- HallKierAlpha: -0.190
- PEOE_VSA9: -0.092
- NumAromaticRings: -0.087


Explain in biomedical and chemical terms why these descriptors influence the prediction.
Avoid mentioning SHAP or machine learning terminology.
","## Biomedical and Chemical Explanations of Influential Descriptors:

**1. HallKierAlpha:**

* Represents the extent of conjugation or chain branching in molecules.
* Negative values suggest reduced branching or increased linearity.
* This can affect drug efficacy by influencing:
    * Protein binding affinity - Linear molecules often bind more efficiently to protein targets.
    * Absorption and distribution - Linear molecules can travel more freely through biological membranes.


**2. PEOE_VSA9:**

* Measures the presence of polar and non-polar regions within a molecule.
* Negative values indicate a greater balance of non-polar groups.
* This can influence:
    * Solubility - More non-polar molecules are less soluble in water, potentially affecting drug delivery.
    * Protein interactions - Many proteins have hydrophobic binding sites, favoring interactions with non-polar molecules.


**3. NumAromaticRings:**

* Counts the total number of aromatic rings in the molecule.
* Negative values suggest a reduced number of aromatic rings.
* This can affect drug efficacy by influencing:
    * Metabolic stability - Aromatic rings can stabilize drugs by preventing metabolism.
    * Toxicity - Some aromatic rings can be associated with increased toxicity."
ADME_MDR1_ER,38,gemma,biomedical,3,"['HallKierAlpha', 'BCUT2D_MWLOW', 'SMR_VSA5']","[-0.08032686960437752, -0.07999830400041472, -0.046027425990225336]","
You are a biomedical expert.

A machine learning model predicted a drug property.

The most influential molecular descriptors were:

- HallKierAlpha: -0.080
- BCUT2D_MWLOW: -0.080
- SMR_VSA5: -0.046


Explain in biomedical and chemical terms why these descriptors influence the prediction.
Avoid mentioning SHAP or machine learning terminology.
","## Explanation of the influential molecular descriptors:

**1. HallKierAlpha:**
- Represents the topological polarizability of a molecule.
- Negative values indicate reduced electron density at positively charged sites.
- This could influence drug properties by affecting:
    - Binding affinity to target proteins (polar interactions)
    - Solubility and stability (hydrophobicity)


**2. BCUT2D_MWLOW:**
- Measures the molecular weight of the smallest connected component in the molecule.
- Smaller molecular weight often implies:
    - Increased metabolic clearance
    - Reduced toxicity 
    - Improved drug-like properties


**3. SMR_VSA5:**
- Reflects the presence of aromatic rings and their degree of substitution.
- More substituted aromatic rings:
    - Increased electron density
    - Enhanced lipophilicity
    - Can influence drug properties by affecting:
        - Protein binding affinity (hydrophobicity)
        - Toxicity and metabolic pathways


**In summary, these descriptors influence the prediction of the drug property due to their impact on:**

- **Polarity and solubility:** HallKierAlpha and SMR_VSA5
- **Molecular weight:** BCUT2D_MWLOW
- **Hydrophobicity:** SMR_VSA5

These factors are crucial for determining drug efficacy, safety, and pharmacokinetic properties."
ADME_MDR1_ER,39,gemma,biomedical,3,"['PEOE_VSA9', 'SMR_VSA1', 'SlogP_VSA10']","[-0.13396022975954167, 0.12025242715845937, 0.06436450917343221]","
You are a biomedical expert.

A machine learning model predicted a drug property.

The most influential molecular descriptors were:

- PEOE_VSA9: -0.134
- SMR_VSA1: 0.120
- SlogP_VSA10: 0.064


Explain in biomedical and chemical terms why these descriptors influence the prediction.
Avoid mentioning SHAP or machine learning terminology.
","## Biomedical and Chemical Explanation of Influential Molecular Descriptors:

**1. PEOE_VSA9:**

* Negative value suggests reduced polarity or increased hydrophilicity in the area surrounding the ninth vascular space area (VSA) atom.
* This change could impact drug binding to proteins or other molecules with similar hydrophilicity.


**2. SMR_VSA1:**

* Positive value indicates increased conformational flexibility or rotational freedom around the first VSA bond.
* Increased flexibility can enhance drug binding by allowing the molecule to adopt multiple orientations and conformations.


**3. SlogP_VSA10:**

* Positive value implies increased lipophilicity (ability to dissolve in lipids) in the vicinity of the tenth VSA atom.
* This property is crucial for drug absorption through biological membranes and interaction with lipid-based targets."
ADME_MDR1_ER,40,gemma,biomedical,3,"['PEOE_VSA9', 'HallKierAlpha', 'NumAromaticRings']","[-0.10448763273689102, 0.0961097176095538, 0.07227544580847402]","
You are a biomedical expert.

A machine learning model predicted a drug property.

The most influential molecular descriptors were:

- PEOE_VSA9: -0.104
- HallKierAlpha: 0.096
- NumAromaticRings: 0.072


Explain in biomedical and chemical terms why these descriptors influence the prediction.
Avoid mentioning SHAP or machine learning terminology.
","## Biomedical and Chemical Interpretations of Key Descriptors:

**1. PEOE_VSA9:**
- Negative value suggests a **reduced probability of binding** or interaction with the target protein.
- PEOE_VSA9 assesses the presence of specific functionalities like amine groups within a certain distance.
- This descriptor could influence binding affinity by affecting electrostatic interactions or hydrogen bonding potential.


**2. HallKierAlpha:**
- Positive value indicates a **higher probability of presence of aromatic rings**.
- Aromatic rings often play a crucial role in drug-target interactions through:
    - **Pi-stacking**: Strengthening protein-ligand interactions.
    - **Hydrogen bonding**: Enhancing binding affinity.
    - **Increased rigidity**: Contributing to better binding pose and interaction.


**3. NumAromaticRings:**
- Positive value suggests a **higher probability of having multiple aromatic rings** in the molecule.
- Multiple aromatic rings can lead to:
    - Increased pi-stacking interactions.
    - Enhanced rigidity and stability of the molecule.
    - Increased probability of favorable interactions with the target protein."
ADME_MDR1_ER,41,gemma,biomedical,3,"['Chi1n', 'HallKierAlpha', 'BCUT2D_MWLOW']","[0.09644526600471051, -0.07169415026775794, 0.06168000928352954]","
You are a biomedical expert.

A machine learning model predicted a drug property.

The most influential molecular descriptors were:

- Chi1n: 0.096
- HallKierAlpha: -0.072
- BCUT2D_MWLOW: 0.062


Explain in biomedical and chemical terms why these descriptors influence the prediction.
Avoid mentioning SHAP or machine learning terminology.
","## Biomedical and Chemical Insights into Influential Molecular Descriptors:

**1. Chi1n:**

* Represents the steric hindrance around a carbon atom.
* A value of 0.096 suggests a slight repulsion around the carbon, indicating the presence of bulky groups.
* Such repulsion could affect drug binding affinity and metabolic stability.


**2. HallKierAlpha:**

* Measures the aromatic character of a ring system.
* A value of -0.072 implies a slight reduction in aromatic character.
* This could influence drug efficacy by affecting the interaction with target sites or metabolic pathways.


**3. BCUT2D_MWLOW:**

* Represents the molecular weight of the lowest energy conformer of a molecule.
* A value of 0.062 suggests a small but significant contribution of molecular weight to the drug property.
* Drug efficacy and toxicity can be affected by molecular weight, influencing distribution, absorption, and metabolism."
ADME_MDR1_ER,42,gemma,biomedical,3,"['HallKierAlpha', 'BCUT2D_MWLOW', 'NumAromaticRings']","[0.1131642992720776, -0.07728864412289714, 0.06087840149018546]","
You are a biomedical expert.

A machine learning model predicted a drug property.

The most influential molecular descriptors were:

- HallKierAlpha: 0.113
- BCUT2D_MWLOW: -0.077
- NumAromaticRings: 0.061


Explain in biomedical and chemical terms why these descriptors influence the prediction.
Avoid mentioning SHAP or machine learning terminology.
","## BioMedical & Chemical Explanation of Influential Molecular Descriptors:

**1. HallKierAlpha:**

- Represents the extent of branching in a molecule.
- Higher values indicate more branched chains, which can influence:
    - Protein-protein interactions.
    - Binding affinity to targets.
    - Overall metabolic stability.


**2. BCUT2D_MWLOW:**

- Measures the molecular weight of the smallest connected component in the molecule.
- Lower values suggest:
    - More compact and rigid molecules.
    - Increased likelihood of being membrane-active.
    - Faster metabolic clearance.


**3. NumAromaticRings:**

- Counts the number of aromatic rings in the molecule.
- Aromatic rings are:
    - Highly stable and planar.
    - Known for their strong electronic properties.
    - Often involved in binding interactions and enzyme inhibition.


**Impact on Drug Property Prediction:**

These descriptors likely influence the drug property prediction due to:

* **Binding affinity:** The molecular descriptors can influence the binding affinity of a drug to its target by affecting the number and type of interaction sites available.
* **Metabolic stability:** The descriptors can influence the metabolic stability of a drug by impacting its susceptibility to metabolism and clearance.
* **Pharmacokinetic properties:** The descriptors can influence the pharmacokinetic properties of a drug by affecting its absorption, distribution, and elimination.
* **Biological activity:** The descriptors can influence the biological activity of a drug by affecting its interaction with proteins and other molecules involved in its mechanism of action."
ADME_MDR1_ER,43,gemma,biomedical,3,"['PEOE_VSA9', 'HallKierAlpha', 'PEOE_VSA10']","[-0.15174567816616355, -0.07727978168129966, 0.06742203633751134]","
You are a biomedical expert.

A machine learning model predicted a drug property.

The most influential molecular descriptors were:

- PEOE_VSA9: -0.152
- HallKierAlpha: -0.077
- PEOE_VSA10: 0.067


Explain in biomedical and chemical terms why these descriptors influence the prediction.
Avoid mentioning SHAP or machine learning terminology.
","## Biomedical and Chemical Insights on Influential Molecular Descriptors:

**1. PEOE_VSA9:**

* Negative value suggests decreased density of polar groups around the central aromatic ring.
* Reduced electron density may lead to decreased basicity and reactivity of the aromatic ring, impacting drug-protein interactions and efficacy.


**2. HallKierAlpha:**

* Negative value indicates increased ring planarity and reduced conformational flexibility.
* This can affect drug stability, solubility, and ability to reach active sites.


**3. PEOE_VSA10:**

* Positive value suggests increased electron density on the ring system.
* This could enhance the drug's affinity for specific receptors or targets through increased electrophilicity and hydrogen-bonding potential.


**Possible Implications:**

* The combination of these descriptors suggests that the drug candidate has:
    * Reduced basicity and reactivity
    * Increased ring planarity
    * Enhanced electrophilicity


These characteristics could potentially:

* Improve drug stability and solubility
* Increase receptor binding affinity
* Modulate drug-protein interactions
* Influence the overall efficacy of the drug candidate."
ADME_MDR1_ER,44,gemma,biomedical,3,"['HallKierAlpha', 'BCUT2D_MWLOW', 'PEOE_VSA12']","[-0.08449908106510452, -0.08193982942130161, -0.0637102362957833]","
You are a biomedical expert.

A machine learning model predicted a drug property.

The most influential molecular descriptors were:

- HallKierAlpha: -0.084
- BCUT2D_MWLOW: -0.082
- PEOE_VSA12: -0.064


Explain in biomedical and chemical terms why these descriptors influence the prediction.
Avoid mentioning SHAP or machine learning terminology.
","## Influence of Molecular Descriptors on Drug Property Prediction:

**1. HallKierAlpha:**

- Represents the extent of branching in a molecule.
- Negative value suggests reduced branching, potentially indicating a more planar and rigid molecule.
- Such molecules can have improved absorption and distribution across biological membranes.


**2. BCUT2D_MWLOW:**

- Measures the molecular weight of the smallest connected component.
- Lower values suggest a smaller molecular weight, which can lead to:
    - Faster metabolic clearance and shorter duration of action.
    - Improved oral bioavailability due to easier absorption.


**3. PEOE_VSA12:**

- Represents the proportion of unsaturation in fatty acid chains.
- Negative value suggests a lower degree of unsaturation.
- This can affect:
    - Protein binding affinity: less unsaturated fatty acids may have better binding to target proteins.
    - Stability: more saturated fatty acids are more resistant to oxidation and degradation.


**Combined Influence:**

These descriptors work together to influence drug property by:

- **Planarity & Flexibility:** Reduced branching (HallKierAlpha) combined with smaller molecular weight (BCUT2D_MWLOW) suggests a more flexible and planar molecule, potentially enhancing membrane permeability.
- **Unsaturation Level:** Lower degree of unsaturation (PEOE_VSA12) may improve protein binding and stability, leading to better efficacy and reduced side effects."
ADME_MDR1_ER,45,gemma,biomedical,3,"['PEOE_VSA9', 'HallKierAlpha', 'PEOE_VSA12']","[-0.11228246430622447, -0.07024815763237689, -0.05250841831866992]","
You are a biomedical expert.

A machine learning model predicted a drug property.

The most influential molecular descriptors were:

- PEOE_VSA9: -0.112
- HallKierAlpha: -0.070
- PEOE_VSA12: -0.053


Explain in biomedical and chemical terms why these descriptors influence the prediction.
Avoid mentioning SHAP or machine learning terminology.
","## Biomedical and Chemical Interpretations of Molecular Descriptors:

**1. PEOE_VSA9:**

- Represents the extent of unsaturation of the ring system, influencing electron delocalization and drug stability.
- Negative value suggests reduced stability due to increased electron density on the ring.
- This could affect binding affinity and efficacy.


**2. HallKierAlpha:**

- Measures the branching of a molecule.
- Negative value implies fewer branch points, leading to increased planarity and rigidity.
- This can impact protein binding and metabolic pathways.


**3. PEOE_VSA12:**

- Indicates the presence of an aromatic ring with electron-withdrawing groups.
- Negative value suggests electron depletion on the ring, affecting its reactivity and binding potential.
- This could modulate the drug's interaction with biomolecules."
ADME_MDR1_ER,46,gemma,biomedical,3,"['PEOE_VSA9', 'NumAromaticRings', 'SPS']","[0.060885304229219755, -0.057633270649610435, -0.050507584164706604]","
You are a biomedical expert.

A machine learning model predicted a drug property.

The most influential molecular descriptors were:

- PEOE_VSA9: 0.061
- NumAromaticRings: -0.058
- SPS: -0.051


Explain in biomedical and chemical terms why these descriptors influence the prediction.
Avoid mentioning SHAP or machine learning terminology.
","## Biomedical and Chemical Insights on Influential Molecular Descriptors:

**1. PEOE_VSA9:**

- Represents the extent of van der Waals surface area accessible to a probe molecule (9A sphere) from the protein surface.
- High values suggest increased protein surface exposure, potentially impacting binding affinity and efficacy.
- This descriptor is valuable in identifying potential binding sites and predicting protein-ligand interactions.


**2. NumAromaticRings:**

- Counts the total number of aromatic rings within the molecule.
- Aromatic rings are known for their high electron density and planarity, influencing drug binding and efficacy.
- The presence of multiple aromatic rings can enhance π-stacking interactions with proteins, improving binding affinity.


**3. SPS:**

- Represents the sum of pairwise distances between pairs of heavy atoms in the molecule.
- Smaller SPS values indicate higher molecular rigidity, which can influence protein binding and efficacy.
- Flexible molecules may have reduced binding affinity due to increased conformational freedom.


**Combined Influence:**

The combination of these descriptors suggests that the predicted drug property is influenced by:

- **Surface accessibility:** PEOE_VSA9 highlights potential binding site exposure.
- **Structural rigidity:** SPS indicates a relatively rigid molecule, enhancing binding affinity.
- **Molecular aromaticity:** NumAromaticRings suggests enhanced π-stacking interactions.

These factors collectively contribute to the drug's ability to bind to the target protein and exert its desired pharmacological effect."
ADME_MDR1_ER,47,gemma,biomedical,3,"['PEOE_VSA9', 'HallKierAlpha', 'EState_VSA7']","[-0.14945602240286865, -0.09148987662403928, 0.07236039188334678]","
You are a biomedical expert.

A machine learning model predicted a drug property.

The most influential molecular descriptors were:

- PEOE_VSA9: -0.149
- HallKierAlpha: -0.091
- EState_VSA7: 0.072


Explain in biomedical and chemical terms why these descriptors influence the prediction.
Avoid mentioning SHAP or machine learning terminology.
","## Biomedical and Chemical Interpretation of Influential Molecular Descriptors:

**1. PEOE_VSA9:** 
- Negative value indicates reduced electron density in the vicinity of the amine nitrogen.
- This could potentially decrease hydrogen bonding capacity and basicity of the molecule. 
- Reduced basicity could impact drug binding to target proteins with specific amino acid residues.


**2. HallKierAlpha:** 
- Negative value suggests decreased ring electron density.
- This could affect drug stability and reactivity, influencing its interaction with other molecules or targets.
- Reduced electron density can also impact the efficacy of drugs by altering their interaction with active sites.


**3. EState_VSA7:** 
- Positive value implies increased electrostatic potential around the aromatic ring.
- This could enhance the drug's affinity for negatively charged targets or increase its stability in aqueous environments.
- Enhanced electrostatic potential can also improve the drug's efficacy by stabilizing protein-drug complexes."
ADME_MDR1_ER,48,gemma,biomedical,3,"['fr_azide', 'PEOE_VSA10', 'PEOE_VSA9']","[0.10114071621436627, 0.09530516065613369, -0.07305946890175671]","
You are a biomedical expert.

A machine learning model predicted a drug property.

The most influential molecular descriptors were:

- fr_azide: 0.101
- PEOE_VSA10: 0.095
- PEOE_VSA9: -0.073


Explain in biomedical and chemical terms why these descriptors influence the prediction.
Avoid mentioning SHAP or machine learning terminology.
","## Biomedical and Chemical Insights on Influential Molecular Descriptors:

**1. fr_azide:**

- Azide group is known for its potential to influence protein function through alkylation of cysteine residues.
- This modification can disrupt protein-protein interactions, leading to downstream effects on cellular processes.
- The positive coefficient suggests that an increase in fr_azide value is associated with the predicted drug property.


**2. PEOE_VSA10:**

- This descriptor relates to the presence of a polyethylene oxide (PEO) chain with 10 repeating units.
- PEO chains are flexible and hydrophilic, enhancing water solubility and reducing protein binding.
- The positive coefficient indicates that increased flexibility and hydration of the molecule contribute to the predicted drug property.


**3. PEOE_VSA9:**

- This descriptor represents a slightly shorter polyethylene oxide chain with 9 repeating units.
- While still flexible, this chain is slightly less soluble than the longer chain.
- The negative coefficient suggests that reduced flexibility or increased protein binding of the molecule may be associated with the predicted drug property."
ADME_MDR1_ER,49,gemma,biomedical,3,"['BCUT2D_MWLOW', 'PEOE_VSA7', 'PEOE_VSA10']","[-0.06695001081296788, 0.05918662213648061, -0.04803574921365596]","
You are a biomedical expert.

A machine learning model predicted a drug property.

The most influential molecular descriptors were:

- BCUT2D_MWLOW: -0.067
- PEOE_VSA7: 0.059
- PEOE_VSA10: -0.048


Explain in biomedical and chemical terms why these descriptors influence the prediction.
Avoid mentioning SHAP or machine learning terminology.
","## Biomedical and Chemical Interpretation of Molecular Descriptors:

**1. BCUT2D_MWLOW:**

- Negative value indicates a **lower molecular weight** contributes to the predicted drug property.
- Lower molecular weight often means **increased drug solubility** and improved **absorption efficiency**.


**2. PEOE_VSA7:**

- Positive value suggests that a **higher value of accessible surface area (ASA) on the 7th shell** of the molecule is associated with the predicted property.
- ASA reflects the **extent of surface accessibility of atoms** in a molecule, crucial for **protein binding** and **pharmacological activity**.


**3. PEOE_VSA10:**

- Negative value indicates that a **lower value of accessible surface area on the 10th shell** of the molecule contributes to the predicted property.
- This suggests that the drug molecule has a **dense and efficient spatial arrangement** of atoms, potentially enhancing **stability** and **efficacy**."
